{"loss": [1.0472197532653809, 0.5397248864173889, 0.42156705260276794, 0.42612776160240173, 0.36425134539604187, 0.33792880177497864, 0.3126414716243744, 0.2890975773334503, 0.2710762321949005, 0.26019495725631714, 0.27690625190734863, 0.27347955107688904, 0.28988924622535706, 0.24055492877960205, 0.2668202519416809, 0.22578513622283936, 0.2100689858198166, 0.23471426963806152, 0.22711889445781708, 0.21754606068134308], "accuracy": [0.5931829214096069, 0.8195194005966187, 0.8580186367034912, 0.8602256178855896, 0.8724865317344666, 0.8862187266349792, 0.8948013782501221, 0.9033840298652649, 0.9085335731506348, 0.9109857678413391, 0.9092692732810974, 0.9104953408241272, 0.9055909514427185, 0.9141736030578613, 0.9156449437141418, 0.9232466816902161, 0.9264345169067383, 0.9227562546730042, 0.9264345169067383, 0.9296223521232605], "val_loss": [0.7585089206695557, 0.3843611180782318, 0.32726001739501953, 0.31302890181541443, 0.35565876960754395, 0.2865126430988312, 0.2770676612854004, 0.2456299513578415, 0.2652083933353424, 0.32010918855667114, 0.28341343998908997, 0.8837521076202393, 0.23335321247577667, 0.2506890594959259, 0.2588023245334625, 0.2548343241214752, 0.283944696187973, 0.412480890750885, 0.3228760361671448, 0.2548896372318268], "val_accuracy": [0.7823529243469238, 0.8549019694328308, 0.8803921341896057, 0.8823529481887817, 0.8686274290084839, 0.8960784077644348, 0.8980392217636108, 0.9039215445518494, 0.9156862497329712, 0.8960784077644348, 0.9127451181411743, 0.6901960968971252, 0.9254902005195618, 0.9186274409294128, 0.9156862497329712, 0.9147058725357056, 0.9098039269447327, 0.8803921341896057, 0.8931372761726379, 0.9078431129455566]}